address,agent_email,avatar_url,blog_id,categories,community_size,country,created_at,description,email,first_name,gender,has_email,id,in_community,instagram_id,lang,last_name,list_entry_ids,location,merge_fields,name,phone_number,pinterest_id,processed_features,rating,shipping_address,tags,tiktok_id,twitch_id,twitter_id,type,unlocked,updated_at,verified,youtube_id
"Dallas, TX, USA",,https://reachr-assets.s3.us-west-2.amazonaws.com/influencer-server/influencer/16844071.png?ts=1765756212,,"[{""id"": 50, ""name"": ""Cryptocurrency"", ""similarity"": 0.5558081865310669}, {""id"": 116, ""name"": ""Trading"", ""similarity"": 0.5019214153289795}, {""id"": 401, ""name"": ""Crowdfunding"", ""similarity"": 0.45306041836738586}]",161676,US,1716274499,LIVE Investor📈 Investor💲8.30am & 3pm ET LIVE on YouTube Also @martynlucas1  ➡️ #martynlucasinvestor #martynlucas 😀👍🏼🇬🇧🇺🇸     Click ⬇️ for MORE,martyn@MartynLucas.com,Martyn,male,true,16844071,false,9560112,en,,[],"{""origin"": ""profile_correlation"", ""country"": ""US"", ""address"": ""Dallas, TX, USA""}",,Martyn Lucas Investor,,,{},,,,2418922,,2984046,top_20,true,1770741159,,3229266
,,https://reachr-assets.s3.us-west-2.amazonaws.com/influencer-server/influencer/14981362.png?ts=1768841108,,"[{""id"": 116, ""name"": ""Trading"", ""similarity"": 0.5825598835945129}, {""id"": 445, ""name"": ""Entrepreneurship"", ""similarity"": 0.5098329782485962}]",44880,US,1702772522,i make trading simple.. for anyone to understand it… Watch my FREE TRADING CAMP COURSE  HERE👇🏽,m.anderson2013@yahoo.com,Mike,male,true,14981362,false,12261206,en,,[],"{""origin"": ""profile_correlation"", ""country"": ""US""}",,Mike Lito ,,,{},,,,,,,power_middle,true,1772814311,,966429
"Jodhpur, Rajasthan, India",,https://reachr-assets.s3.us-west-2.amazonaws.com/influencer-server/influencer/20744932.png?ts=1772831014,,"[{""id"": 449, ""name"": ""Trading"", ""similarity"": 0.5412403345108032}]",149070,IN,1724910486,👑 | Chairman at @stockwiz.in  💵 | Trader | Investor | Mentor 📃 | SEBI Registered 🔖 | License - INH000013925 🏆 | 9+ Years Exp,help@stockwiz.in,,male,true,20744932,false,11075650,en,,[],"{""origin"": ""profile_correlation"", ""country"": ""IN"", ""address"": ""Jodhpur, Rajasthan, India""}",,Parang Mehta,,,{},,,,,,3171088,top_20,true,1772831014,,2355896
,,https://reachr-assets.s3.us-west-2.amazonaws.com/influencer-server/influencer/796102.png?ts=1765748093,659383,"[{""id"": 116, ""name"": ""Trading"", ""similarity"": 0.5097577571868896}, {""id"": 551, ""name"": ""Finance"", ""similarity"": 0.4526086449623108}]",16705,IT,1454258636,FOREX | INDICES | CRYPTO 📈 Trading Tips & Market Analysis 💼 Premium Forex Indicators 👇 Shop Now,info@forexstrategiesresources.com,,female,true,796102,false,4912491,en,,[],"{""origin"": ""profile_correlation"", ""country"": ""IT""}",,Forex Trading,,,{},,,,,,,power_middle,true,1772684687,,703625
"New York, NY, USA",,https://reachr-assets.s3.us-west-2.amazonaws.com/influencer-server/influencer/277989.png?ts=1772270726,263841,"[{""id"": 116, ""name"": ""Trading"", ""similarity"": 0.5067036151885986}, {""id"": 155, ""name"": ""Entrepreneurship"", ""similarity"": 0.5006042122840881}]",854709,US,1439701572,Proprietary trading firm in NYC.,smbcapital@gmail.com,,,true,277989,false,4877270,en,,[],"{""origin"": ""profile_correlation"", ""country"": ""US"", ""address"": ""New York, NY, USA""}",,SMB Capital,,,{},,,,2383040,,114378,top_5,true,1772900430,,329853
"Vancouver, BC, Canada",,https://reachr-assets.s3.us-west-2.amazonaws.com/influencer-server/influencer/8736478.png?ts=1768418313,1919905,"[{""id"": 116, ""name"": ""Trading"", ""similarity"": 0.671322226524353}, {""id"": 445, ""name"": ""Entrepreneurship"", ""similarity"": 0.5068825483322144}]",937929,US,1620694043,Author | Trader | Adventurer  📚 “How to Day Trade for a Living” 🎓 Building a Great Community of Day Traders  👇🏼 Learn Day Trading & Investing with Me,andrew@bearbulltraders.com,Andrew,male,true,8736478,false,4912506,en,,[],"{""origin"": ""profile_correlation"", ""country"": ""US"", ""address"": ""Vancouver, BC, Canada""}",,Day Trading - Bear Bull Traders Forums,,,{},,,,,,2724828,top_5,true,1772925971,,703638
"New Delhi, Delhi, India",,https://reachr-assets.s3.us-west-2.amazonaws.com/influencer-server/influencer/23759299.png?ts=1770668094,,"[{""id"": 116, ""name"": ""Trading"", ""similarity"": 0.5191981792449951}, {""id"": 466, ""name"": ""Artificial Intelligence"", ""similarity"": 0.44798699021339417}, {""id"": 687, ""name"": ""Technology"", ""similarity"": 0.44242700934410095}]",313234,IN,1739345644,SEBI Registered RA | Stock & Crypto Trader  🔎 Helping Traders master Chart & psychology ▶️ 280k+ YouTube Family All Important Links👇,chartanalysiscollab@gmail.com,Umesh,male,true,23759299,false,12442680,en,,[],"{""origin"": ""profile_correlation"", ""country"": ""IN"", ""address"": ""New Delhi, Delhi, India""}",,Umesh Sharma,,,{},,,,,,2753568,top_20,true,1772688042,,726187
Pakistan,,https://reachr-assets.s3.us-west-2.amazonaws.com/influencer-server/influencer/11386816.png?ts=1766773064,1869034,"[{""id"": 116, ""name"": ""Trading"", ""similarity"": 0.6152145862579346}, {""id"": 50, ""name"": ""Cryptocurrency"", ""similarity"": 0.5368507504463196}]",864217,PK,1651054049,8+ Years in Trading | Mentored 3300+ Traders | 🏆 Winner of The Blockchain 100 Awards 2025 & Binance Trading Competition 2025 Winner | Check Links 👇,contact@p4provider.com,Hafiz,male,true,11386816,false,6057174,en,,[],"{""origin"": ""profile_correlation"", ""country"": ""PK"", ""address"": ""Pakistan""}",,P4 Provider,,,{},,,,1798141,,2803588,top_5,true,1772820390,,3091409
"cedar grove, united states",,https://reachr-assets.s3.us-west-2.amazonaws.com/influencer-server/influencer/26068699.png?ts=1768812847,,"[{""id"": 449, ""name"": ""Trading"", ""similarity"": 0.636838436126709}]",357304,US,1753046482,Christ is King 🙏🏻 10 Year Pro Trader | #1 Futures Discord Code: PJ → MFFU | Alpha | TPT | Apex | Tradeify | Lucid 👇🏻Join our elite trading community,pjtradesofficial@gmail.com,Paul,male,true,26068699,false,13752617,en,,[],"{""origin"": ""post_data_extraction"", ""country"": ""US"", ""address"": ""cedar grove, united states"", ""post_data_extraction"": {""country_proba"": {""DO"": 0.021739130434782608, ""US"": 0.17391304347826086}}}",,Paul Jon Siljee Jr.,,,{},,,,6769512,,3244985,top_20,true,1772811740,,3718910
,,https://reachr-assets.s3.us-west-2.amazonaws.com/influencer-server/influencer/9412904.png?ts=1770090184,,"[{""id"": 116, ""name"": ""Trading"", ""similarity"": 0.5692359209060669}, {""id"": 445, ""name"": ""Entrepreneurship"", ""similarity"": 0.4725809097290039}, {""id"": 466, ""name"": ""Artificial Intelligence"", ""similarity"": 0.4714728891849518}]",259737,IN,1632122648,✈️Curating the life of Luxury  🎯Youtuber | Trader 📊 | Traveller 🌏 Join the movement 👇🏻,arvindsinghofficial1997@gmail.com,Avi,male,true,9412904,false,5431347,en,,[],"{""origin"": ""profile_correlation"", ""country"": ""IN""}",,Technical Avi,,,{},,,,,,,top_20,true,1772812059,,726488
,,https://reachr-assets.s3.us-west-2.amazonaws.com/influencer-server/influencer/26260585.png?ts=1771763776,,"[{""id"": 449, ""name"": ""Trading"", ""similarity"": 0.6326002478599548}, {""id"": 146, ""name"": ""Cryptocurrency"", ""similarity"": 0.5318328738212585}]",509436,IN,1755456117,📊 F&O Expert & Crypto Trader 🚩 YOUTUBE:- 50K+ Family 📈 Daily live on YT | 2hr/Day ⚠️ No paid courses & VIP Groups ✉️ collab.with.divyansh@gmail.com,collab.with.divyansh@gmail.com,Divyansh,male,true,26260585,false,13886485,en,,[],"{""origin"": ""profile_correlation"", ""country"": ""IN""}",,Divyansh Arora,,,{},,,,,,,top_5,true,1772799231,,3755227
,,https://reachr-assets.s3.us-west-2.amazonaws.com/influencer-server/influencer/8484409.png?ts=1765491162,1819325,"[{""id"": 449, ""name"": ""Trading"", ""similarity"": 0.5342444777488708}, {""id"": 155, ""name"": ""Entrepreneurship"", ""similarity"": 0.5143259763717651}]",1934974,GE,1616156044,"📍ATL & PR🇵🇷| serial 8fig entrepreneur  📈7Figure+ TRADER @honeydripnetwork  📲for MY FREE chat w/ stock picks, watchlist, books & classes‼️CLICK LINK↙️",management@aristotlesignals.com,Aristotle,male,true,8484409,false,4730015,en,,[],"{""origin"": ""profile_correlation"", ""country"": ""GE""}",,Aristotle Varner,,,{},,,,,,2925640,top_5,true,1772796566,true,3017533
,,https://reachr-assets.s3.us-west-2.amazonaws.com/influencer-server/influencer/7474180.png?ts=1771461491,,"[{""id"": 551, ""name"": ""Finance"", ""similarity"": 0.39499008655548096}, {""id"": 449, ""name"": ""Trading"", ""similarity"": 0.3784876763820648}]",888815,IN,1598336281,Finance and AI Hacks SEBI Registered Research Analyst For collabs contact: Sushmit (9830897764),shashankudupacollab@gmail.com,Shashank,male,true,7474180,false,4215997,en,,[],"{""origin"": ""profile_correlation"", ""country"": ""IN""}",,Shashank Udupa,,,{},,,,,,2807445,top_5,true,1771461491,,770766
,,https://reachr-assets.s3.us-west-2.amazonaws.com/influencer-server/influencer/14123534.png?ts=1766245647,,"[{""id"": 707, ""name"": ""Finance"", ""similarity"": 0.5153177380561829}, {""id"": 329, ""name"": ""Online Business"", ""similarity"": 0.4462750554084778}]",374649,CA,1691973120,Helping investors build their portfolio 😊 Grew a $100k portfolio twice 💰 👇 Click the link to see my (transparent) portfolio!,joyeeyang.info@gmail.com,Joyee,female,true,14123534,false,7714230,en,,[],"{""origin"": ""profile_correlation"", ""country"": ""CA""}",,Joyee Yang,,,{},,,,2036793,,,top_20,true,1772783752,,3589497
"New York, NY, USA",,https://reachr-assets.s3.us-west-2.amazonaws.com/influencer-server/influencer/5286965.png?ts=1767919510,1722272,"[{""id"": 707, ""name"": ""Finance"", ""similarity"": 0.570266842842102}, {""id"": 155, ""name"": ""Entrepreneurship"", ""similarity"": 0.5425226092338562}, {""id"": 449, ""name"": ""Trading"", ""similarity"": 0.5397710800170898}]",883385,US,,I help you accelerate your financial freedom with Triple Compounding™ (& laughs 😃) 5X bestseller📚 Former engineer🤓 8-figure investor 👇Learn more,info@investdiva.com,Kiana,female,true,5286965,false,3193590,en,,[],"{""origin"": ""profile_correlation"", ""country"": ""US"", ""address"": ""New York, NY, USA""}",,Kiana Danial,,,{},,,,445135,,2721338,top_5,true,1772296621,,698317
"London, UK",,https://reachr-assets.s3.us-west-2.amazonaws.com/influencer-server/influencer/16627494.png?ts=1765042942,1879542,"[{""id"": 707, ""name"": ""Finance"", ""similarity"": 0.5164039134979248}, {""id"": 449, ""name"": ""Trading"", ""similarity"": 0.4842323958873749}]",888576,GB,1716114593,Fund Manager. Financial Times Author. Ex Bloomberg TV. Former Visiting Fellow Uni of Oxford,alpesh.patel@tradermind.com,Alpesh,male,true,16627494,false,9493199,en,,[],"{""origin"": ""profile_correlation"", ""country"": ""GB"", ""address"": ""London, UK""}",,Alpesh B Patel OBE,,,{},,,,2398731,,,top_5,true,1771270017,,3207426
"Florida, USA",,https://reachr-assets.s3.us-west-2.amazonaws.com/influencer-server/influencer/9080461.png?ts=1771269882,,"[{""id"": 449, ""name"": ""Trading"", ""similarity"": 0.5191309452056885}, {""id"": 551, ""name"": ""Finance"", ""similarity"": 0.4727741777896881}]",126956,US,1626903067,"💠| Founder, @quantdata 🌐| Ex. Options Specialist, Nasdaq  📲| Forbes under 30 ⬇️ Quant Data Links",ahiesinger@quantdata.us,Andrew,male,true,9080461,false,5173106,en,,[],"{""origin"": ""profile_correlation"", ""country"": ""US"", ""address"": ""Florida, USA""}",,Andrew Hiesinger | CEO,,,{},,,,,,3211670,top_20,true,1772720946,,2651356
,,https://reachr-assets.s3.us-west-2.amazonaws.com/influencer-server/influencer/22526384.png?ts=1765774948,,"[{""id"": 50, ""name"": ""Cryptocurrency"", ""similarity"": 0.6425995826721191}, {""id"": 116, ""name"": ""Trading"", ""similarity"": 0.6187492609024048}]",82478,US,1729686583,👇 Learn to Trade & Invest 👇,sm363.info@gmail.com,Tim,male,true,22526384,false,14403157,en,,[],"{""origin"": ""profile_correlation"", ""country"": ""US""}",,InvestingBroz,,,{},,,,6866945,,3337233,top_20,true,1772299861,,1097463
Nigeria,,https://reachr-assets.s3.us-west-2.amazonaws.com/influencer-server/influencer/11943880.png?ts=1770962760,,"[{""id"": 449, ""name"": ""Trading"", ""similarity"": 0.5878899097442627}, {""id"": 707, ""name"": ""Finance"", ""similarity"": 0.49117591977119446}]",75980,NG,1660205035,Professional Forex Trader 📈  AI Trading Bot Pioneer 🤖 Founder — @spiritfxtradingacademy Automated • Data-Driven • Emotion-Free Trading,Henrowonye@gmail.com,Henry,male,true,11943880,false,6322937,en,,[],"{""origin"": ""profile_correlation"", ""country"": ""NG"", ""address"": ""Nigeria""}",,Henry Spirit Smith | FX Trader,,,{},,,,4836809,,3131122,top_20,true,1772792005,,802252
,,https://reachr-assets.s3.us-west-2.amazonaws.com/influencer-server/influencer/15691967.png?ts=1766496942,,"[{""id"": 449, ""name"": ""Trading"", ""similarity"": 0.5058695077896118}, {""id"": 338, ""name"": ""Military"", ""similarity"": 0.5028281211853027}]",719843,US,1708913451,👑 | Host of The Big Daddy Morning Show  👔 | CEO of @maxoptionstrading & Futures Trader 🪂 | Army Paratrooper Veteran 👇🏽 | Come Join My FREE DISCORD 👇🏽,max@maxoptionstrading.com,Max,male,true,15691967,false,9704976,en,,[],"{""origin"": ""profile_correlation"", ""country"": ""US""}",,Max Reacts,,290032,{},,,,,,3022501,top_5,true,1771508117,,1755272
,,https://reachr-assets.s3.us-west-2.amazonaws.com/influencer-server/influencer/21351835.png?ts=1769193097,,"[{""id"": 155, ""name"": ""Entrepreneurship"", ""similarity"": 0.5222483277320862}, {""id"": 449, ""name"": ""Trading"", ""similarity"": 0.504177451133728}, {""id"": 707, ""name"": ""Finance"", ""similarity"": 0.4954637289047241}]",276390,GH,1728384122,📊Financial Coach | Investment Analyst  🧑‍🎓Taught 4000+ students 📨0502194099 | info@pickinshub.com Register Stock Masterclass 👇,pickinslab@gmail.com,,male,true,21351835,false,11498279,en,,[],"{""origin"": ""profile_correlation"", ""country"": ""GH""}",,Pickins Hub,,,{},,,,6975476,,,top_20,true,1772124042,,2455302
"Glasgow, UK",,https://reachr-assets.s3.us-west-2.amazonaws.com/influencer-server/influencer/7360507.png?ts=1766765402,,"[{""id"": 116, ""name"": ""Trading"", ""similarity"": 0.5624730587005615}, {""id"": 707, ""name"": ""Finance"", ""similarity"": 0.5313125252723694}]",89566,GB,1596627190,"Christian, Husband, Equities Trader Founder @kb_trading_  Shooting acc @samkbshoots  I help traders become consistent 👇🏼",sam@kb-trading-consultants.com,Sam,male,true,7360507,false,10280823,en,,[],"{""origin"": ""profile_correlation"", ""country"": ""GB"", ""address"": ""Glasgow, UK""}",,Sam KB Trading,,,{},,,,,,3097071,top_20,true,1770954914,,649067
"Copenhagen, Denmark",,https://reachr-assets.s3.us-west-2.amazonaws.com/influencer-server/influencer/12645413.png?ts=1767057504,,"[{""id"": 116, ""name"": ""Trading"", ""similarity"": 0.6001306772232056}, {""id"": 445, ""name"": ""Entrepreneurship"", ""similarity"": 0.4764890670776367}]",335185,DK,1671712847,Meet the real day trading expert 📚 Author of Best Loser Wins ⬇️ Free live trading and education via Telegram,hello@tradertom.com,Tom,male,true,12645413,true,9472018,en,,[],"{""origin"": ""profile_correlation"", ""country"": ""DK"", ""address"": ""Copenhagen, Denmark""}",,Trader Tom,,,{},,,,,,2824399,top_20,true,1772830153,,2897364
,,https://reachr-assets.s3.us-west-2.amazonaws.com/influencer-server/influencer/26555924.png?ts=1768605346,,"[{""id"": 116, ""name"": ""Trading"", ""similarity"": 0.528268575668335}, {""id"": 155, ""name"": ""Entrepreneurship"", ""similarity"": 0.4251960515975952}]",195450,,1759836681,Forex Trader 5+ Years 100K+ on TikTok 6 Figure FTMO Funded Trader,realdanfx@gmail.com,Daniel,male,true,26555924,false,14085370,en,,[],,,Praise Daniel,,,{},,,,6901087,,3344121,top_20,true,1771939073,,3817917
,,https://reachr-assets.s3.us-west-2.amazonaws.com/influencer-server/influencer/24762833.png?ts=1769539812,,"[{""id"": 305, ""name"": ""Video Production"", ""similarity"": 0.540485680103302}, {""id"": 401, ""name"": ""Crowdfunding"", ""similarity"": 0.4905169606208801}]",98100,US,1746080420,Hope you like my videos.  Business inquiries - unbiasedow@gmail.com Website - unbiasedtrading.info ,unbiasedow@gmail.com,,,true,24762833,false,,en,,[],"{""origin"": ""profile_correlation"", ""country"": ""US""}",,Unbiased Trading,,,{},,,,,,3280726,top_20,true,1772722496,,3440170
Dubai - United Arab Emirates,,https://reachr-assets.s3.us-west-2.amazonaws.com/influencer-server/influencer/22917331.png?ts=1765679342,,"[{""id"": 50, ""name"": ""Cryptocurrency"", ""similarity"": 0.5684428215026855}, {""id"": 401, ""name"": ""Crowdfunding"", ""similarity"": 0.44796106219291687}]",345227,AE,1732382875,"📍Dubai No Paid Course/Group , Everything is FREE! 👍 Join telegram for more Updates/Inquiry 👇🏻",teamjeetcrypto@gmail.com,Jeet,male,true,22917331,false,11905696,en,,[],"{""origin"": ""profile_correlation"", ""country"": ""AE"", ""address"": ""Dubai - United Arab Emirates""}",,Jeet Alkeshbhai Shah,,,{},,,,6132588,,3214754,top_20,true,1772830151,,3534663
"Atlanta, GA, USA",,https://reachr-assets.s3.us-west-2.amazonaws.com/influencer-server/influencer/16310253.png?ts=1771102348,1856091,"[{""id"": 116, ""name"": ""Trading"", ""similarity"": 0.5660510659217834}, {""id"": 329, ""name"": ""Online Business"", ""similarity"": 0.5403491258621216}]",485194,US,1714361365,"🥇| Father, Investor, Creator 💸| I Help People Make 9-5 Income From Trading Options  📥| To Learn How To Make $350+ A Week Trading Options Click 👇",dontezakram@gmail.com,Dontez,male,true,16310253,false,2375301,en,,[],"{""origin"": ""profile_correlation"", ""country"": ""US"", ""address"": ""Atlanta, GA, USA""}",,Dontez Akram 🎈,,,{},,,,6889419,,2606803,top_5,true,1771496016,,3296341
,,https://reachr-assets.s3.us-west-2.amazonaws.com/influencer-server/influencer/26478305.png?ts=1767272495,,"[{""id"": 116, ""name"": ""Trading"", ""similarity"": 0.590704083442688}, {""id"": 155, ""name"": ""Entrepreneurship"", ""similarity"": 0.5114889144897461}]",11042,IN,1758630996,"💸 | Trader, Investor & Mentor 🌟 | 6+ Years Experience Collab = thunder.ninja2468@gmail India's BEST Millionaire Trading Program👇🏻👇🏻(COMING SOON)",thunder.ninja2468@gmail.com,Hardik,male,true,26478305,false,14028832,en,,[],"{""origin"": ""profile_correlation"", ""country"": ""IN""}",,Hardik Sharma | Stock market Trading | Investing,,,{},,,,,,,power_middle,true,1770743678,,3801883
"Toronto, ON, Canada",,https://reachr-assets.s3.us-west-2.amazonaws.com/influencer-server/influencer/15656532.png?ts=1772849055,,[],149951,CA,1708737702,22 | toronto co-founder @dfruitventures ceo @dfvlabs mattshoss03@gmail.com,mattshoss03@gmail.com,Matthew,male,true,15656532,false,8998504,en,Shoss,[],"{""origin"": ""creator_input"", ""country"": ""CA""}",,Matt Shoss,+19054842823,,{},,,,2181618,,3097828,top_20,true,1772849055,true,1940865
,,https://reachr-assets.s3.us-west-2.amazonaws.com/influencer-server/influencer/15823938.png?ts=1766737322,,"[{""id"": 707, ""name"": ""Finance"", ""similarity"": 0.5298075675964355}, {""id"": 449, ""name"": ""Trading"", ""similarity"": 0.5056924223899841}]",268111,MY,1710019326,🧑🏻‍💻 Finance creator on YouTube (Ziet Invests) 💬 Simplifying MY and US news & economy 📩 hello@ziet.co Ziet Media Sdn. Bhd. 202301019959 (1513881-­K),hello@ziet.co,Fong,male,true,15823938,false,8987116,en,,[],"{""origin"": ""profile_correlation"", ""country"": ""MY""}",,Fong Wei Ziet,,,{},,,,,,2954462,top_20,true,1772781443,,3081094
,,https://reachr-assets.s3.us-west-2.amazonaws.com/influencer-server/influencer/9851595.png?ts=1767005377,,"[{""id"": 64, ""name"": ""Horror"", ""similarity"": 0.5002166032791138}]",1319225,PK,1640717488,A lovecraftian nightmare @mashalverse,info@cookie-media.com,Mashal,female,true,9851595,false,5699349,en,,[],"{""origin"": ""profile_correlation"", ""country"": ""PK""}",,Mashal Khan,,,{},,,,,,,top_5,true,1771468962,,3736760
United States,,https://reachr-assets.s3.us-west-2.amazonaws.com/influencer-server/influencer/12539148.png?ts=1768338859,,"[{""id"": 449, ""name"": ""Trading"", ""similarity"": 0.5972933769226074}, {""id"": 700, ""name"": ""Pharmacy"", ""similarity"": 0.4829785227775574}]",173695,US,1669872721,"Bio-Med Engineer👨‍🎓to Pro Forex Trader👨‍💻 First LEARN, then remove the L Learn to Trade👇 DFW, Texas 🌴🇺🇸 🚫BEWARE of scams",momo@excelciohub.com,Momo,male,true,12539148,false,4190854,en,,[],"{""origin"": ""profile_correlation"", ""country"": ""US"", ""address"": ""United States""}",,Momo Forex,,,{},,,,,,2822906,top_20,true,1771194706,,3520559
"Cape Town, South Africa",,https://reachr-assets.s3.us-west-2.amazonaws.com/influencer-server/influencer/11090340.png?ts=1771978106,1894572,"[{""id"": 707, ""name"": ""Finance"", ""similarity"": 0.6013570427894592}]",405802,ZA,1646915429,⚖️Legal and Legislative Researcher  🇿🇦Financial Education Content 🎙️Investor’s Chair Podcast Host 📧contact@ivynsambo.co.za 📤 @investmentivynsambo,contact@ivynsambo.co.za,Ivyn,male,true,11090340,false,5908873,en,,[],"{""origin"": ""profile_correlation"", ""country"": ""ZA"", ""address"": ""Cape Town, South Africa""}",,Ivyn Sambo,,,{},,,,1733754,,2963170,top_5,true,1772758830,,1534958
,,https://reachr-assets.s3.us-west-2.amazonaws.com/influencer-server/influencer/12429509.png?ts=1771875656,1860459,[],142412,IN,1667546009,🧑🏻‍💻 Frontend developer | Tech Tips 🧑🏻‍💼 Managed by @__simplysandeep_  📩 Promo: promo@designwithrehana.com Personal stuff - @lifewithrehana,promo@designwithrehana.com,Rehana,,true,12429509,false,6466026,en,,[],"{""origin"": ""profile_correlation"", ""country"": ""IN""}",,Rehana | HTML | CSS ➡️ 60k 🎯,,,{},,,,,,,top_20,true,1772922687,,1568367
"East Tower, 675 Cochrane Dr 6th Floor, Markham, ON L3R 0B8, Canada",,https://reachr-assets.s3.us-west-2.amazonaws.com/influencer-server/influencer/93740.png?ts=1768054364,80264,"[{""id"": 50, ""name"": ""Cryptocurrency"", ""similarity"": 0.5607670545578003}, {""id"": 551, ""name"": ""Finance"", ""similarity"": 0.5265326499938965}]",1317295,US,1436387358,Follow my new account @Thescottmelker,info@thewolfofallstreets.io,Scott,male,true,93740,false,14381079,en,,[],"{""origin"": ""profile_correlation"", ""country"": ""US"", ""address"": ""East Tower, 675 Cochrane Dr 6th Floor, Markham, ON L3R 0B8, Canada""}",,Scott Melker,,,{},,,,,,42085,top_5,true,1771555837,,719543
Russia,,https://reachr-assets.s3.us-west-2.amazonaws.com/influencer-server/influencer/9953943.png?ts=1766787210,,"[{""id"": 3, ""name"": ""Entrepreneurship"", ""similarity"": 0.5019588470458984}, {""id"": 449, ""name"": ""Trading"", ""similarity"": 0.4865233302116394}, {""id"": 707, ""name"": ""Finance"", ""similarity"": 0.4813190996646881}]",846763,US,1643214736,"Father, Husband. Stock MVP Co-Founder. University of Michigan. MBA. ExDeloitte. GeoPolitics Fanatic.100,500+ members Patreon+Discord.The""PalantirGuy"".",tomnashyt@gmail.com,Tom,male,true,9953943,false,13095341,en,,[],"{""origin"": ""profile_correlation"", ""country"": ""US"", ""address"": ""Russia""}",,Tom Nash,,,{},,,,,,2775869,top_5,true,1771621635,,745510
"Dallas, TX, USA",,https://reachr-assets.s3.us-west-2.amazonaws.com/influencer-server/influencer/22693258.png?ts=1771366696,,"[{""id"": 449, ""name"": ""Trading"", ""similarity"": 0.41353705525398254}, {""id"": 551, ""name"": ""Finance"", ""similarity"": 0.39237746596336365}, {""id"": 3, ""name"": ""Entrepreneurship"", ""similarity"": 0.38897621631622314}]",470403,US,1731294530,Family Office Director | #XRP & #Ripple Info | Digital Asset Investor Work with me to protect your crypto and grow your wealth.,info@digitalfamilyoffice.io,Jake,male,true,22693258,true,11783465,en,,[],"{""origin"": ""profile_correlation"", ""country"": ""US"", ""address"": ""Dallas, TX, USA""}",,"Jake Claver, QFOP",,,{},,,,6177575,,3204399,top_5,true,1772501407,,3118894
,,https://reachr-assets.s3.us-west-2.amazonaws.com/influencer-server/influencer/6293603.png?ts=1772390408,,"[{""id"": 466, ""name"": ""Artificial Intelligence"", ""similarity"": 0.4516809284687042}, {""id"": 707, ""name"": ""Finance"", ""similarity"": 0.44200944900512695}, {""id"": 401, ""name"": ""Crowdfunding"", ""similarity"": 0.44194185733795166}]",243615,US,,"183,000 YouTube Masculine/Feminine Psychology Guiding entrepreneurs through their inner world 🇨🇴Colombia/🇺🇸",GarenPhillips@gmail.com,,male,true,6293603,false,3479269,en,,[],"{""origin"": ""profile_correlation"", ""country"": ""US""}",,Garen Phillips,,,{},,,,6150107,,,top_20,true,1772689962,,585320
"Port Harcourt, Nigeria",,https://reachr-assets.s3.us-west-2.amazonaws.com/influencer-server/influencer/15317609.png?ts=1771220948,,"[{""id"": 50, ""name"": ""Cryptocurrency"", ""similarity"": 0.6162433624267578}, {""id"": 150, ""name"": ""Video Editing"", ""similarity"": 0.527235746383667}, {""id"": 305, ""name"": ""Video Production"", ""similarity"": 0.5023584365844727}]",156212,NG,1706069895,Crypto Trader & Content Creator  I make informative and educational videos on crypto. Subscribe to my YouTube channel 👇,info.uchecrypt@gmail.com,Uche,male,true,15317609,false,8657046,en,,[],"{""origin"": ""profile_correlation"", ""country"": ""NG"", ""address"": ""Port Harcourt, Nigeria""}",,Uche Ikechukwu,,,{},,,,2088006,,2927528,top_20,true,1772829031,,3522897
"Accra, Ghana",,https://reachr-assets.s3.us-west-2.amazonaws.com/influencer-server/influencer/24861385.png?ts=1770392888,,"[{""id"": 155, ""name"": ""Entrepreneurship"", ""similarity"": 0.5241408348083496}, {""id"": 449, ""name"": ""Trading"", ""similarity"": 0.5149983763694763}]",131177,GH,1746124560,🧠 $300K+ Earned Across Top Prop Firms 👇 Begin Your Trading Journey,info@astucefx.com,,female,true,24861385,false,13203406,en,,[],"{""origin"": ""profile_correlation"", ""country"": ""GH"", ""address"": ""Accra, Ghana""}",,AstuceFx,,,{},,,,6284987,,3286342,top_20,true,1772121957,,3477845
"Manchester, UK",,https://reachr-assets.s3.us-west-2.amazonaws.com/influencer-server/influencer/11465829.png?ts=1765756146,1879222,"[{""id"": 707, ""name"": ""Finance"", ""similarity"": 0.5688223242759705}, {""id"": 116, ""name"": ""Trading"", ""similarity"": 0.5059567093849182}, {""id"": 329, ""name"": ""Online Business"", ""similarity"": 0.48890429735183716}]",184243,GB,1652452334,📺 Personal Finance & Investing YouTube 💰 Investor in Stocks 🖥️ Tech Lover and 🕹️ Gamer 🏃‍♂️ Runner BEWARE OF SCAMMERS!,tobynewbatt@icloud.com,Toby,male,true,11465829,false,9491721,en,,[],"{""origin"": ""profile_correlation"", ""country"": ""GB"", ""address"": ""Manchester, UK""}",,Toby Newbatt,,,{},,,,,,3262995,top_20,true,1772829030,,766686
,,https://reachr-assets.s3.us-west-2.amazonaws.com/influencer-server/influencer/23703828.png?ts=1771107172,,"[{""id"": 466, ""name"": ""Artificial Intelligence"", ""similarity"": 0.5009756088256836}, {""id"": 116, ""name"": ""Trading"", ""similarity"": 0.4990038275718689}]",341713,US,1738940310,the Hybrid Trader Almost decade in the markets DM me “Hybrid” to learn and access AI dashboard,info@dovyfx.com,Dovydas,male,true,23703828,false,7868158,en,,[],"{""origin"": ""profile_correlation"", ""country"": ""US""}",,Dovydas Pinskus,,,{},,,,,,,top_20,true,1772939499,,3405158
,,https://reachr-assets.s3.us-west-2.amazonaws.com/influencer-server/influencer/12121115.png?ts=1765744635,,"[{""id"": 90, ""name"": ""Finance"", ""similarity"": 0.5266100168228149}, {""id"": 155, ""name"": ""Entrepreneurship"", ""similarity"": 0.5212674140930176}]",215561,SG,1663606915,🙌 Follow My New Account Too @arigatoinvestor.official  🎓 7 Investing Courses for $47  ⤵️,chloe.lin.ly@gmail.com,Chloe,female,true,12121115,false,8619293,en,,[],"{""origin"": ""profile_correlation"", ""country"": ""SG""}",,Arigato Investor,,,{},,,,1778544,,,top_20,true,1772820044,,883203
,,https://reachr-assets.s3.us-west-2.amazonaws.com/influencer-server/influencer/12191504.png?ts=1770557364,,"[{""id"": 308, ""name"": ""Camera Equipment"", ""similarity"": 0.4594804644584656}]",398490,GB,1664869161,"Teaching YOU how to code with AI! 🤝 Trusted by Amazon, Microsoft, IBM, Stripe & more! 🎥 YouTube 360k+ | CEO & Founder 📩 team@papareact.com",team@papareact.com,Sonny,male,true,12191504,false,6435386,en,,[],"{""origin"": ""profile_correlation"", ""country"": ""GB""}",,Sonny Sangha - PAPA React,,,{},,,,,,,top_20,true,1772927027,,913670
"Cincinnati, OH, USA",,https://reachr-assets.s3.us-west-2.amazonaws.com/influencer-server/influencer/21107309.png?ts=1768491447,,"[{""id"": 687, ""name"": ""Technology"", ""similarity"": 0.5099642872810364}]",55532,US,1727566746,Software Engineer 👨🏾‍💻 Tech | lifestyle  📍Cincinnati Partnerships 📥 leviokoye@gmail.com @uofcincy 27’,leviokoye@gmail.com,Levi,male,true,21107309,false,11495028,en,Okoye,[],"{""origin"": ""creator_input"", ""country"": ""US""}",,Levi,+15132138308,,{},,,,5004560,,3192115,top_20,true,1771870342,true,2444625
Dubai - United Arab Emirates,,https://reachr-assets.s3.us-west-2.amazonaws.com/influencer-server/influencer/6383738.png?ts=1765426281,1958141,"[{""id"": 3, ""name"": ""Entrepreneurship"", ""similarity"": 0.5557122826576233}, {""id"": 449, ""name"": ""Trading"", ""similarity"": 0.46892037987709045}, {""id"": 330, ""name"": ""Business"", ""similarity"": 0.4643630385398865}]",220942,US,,"🏆 @nasdaq history-maker 🦄 Ex-Morgan Stanley, advisor & investor @mintiplycapital  🚀 Fueling founders with @fuelventurecapital 🇺🇸 US Chamber Member",hasnaebtaleb@gmail.com,Taleb,female,true,6383738,false,3534747,en,,[],"{""origin"": ""profile_correlation"", ""country"": ""US"", ""address"": ""Dubai - United Arab Emirates""}",,Hasnae Taleb,,,{},,,,4566028,,3079097,top_20,true,1772904753,,3502085
"Nashville,TN,USA",,https://reachr-assets.s3.us-west-2.amazonaws.com/influencer-server/influencer/209021.png?ts=1766225389,195276,"[{""id"": 50, ""name"": ""Cryptocurrency"", ""similarity"": 0.5528112053871155}, {""id"": 275, ""name"": ""Luxury Lifestyle"", ""similarity"": 0.4266512989997864}, {""id"": 757, ""name"": ""Hotels & Accommodation"", ""similarity"": 0.3513873815536499}]",4335275,US,1437623394,Building @always.viernes  @quemadero.mx @patiodominguez,ceschabookings@gmail.com,Chavez,,true,209021,false,1370052,en,,[],"{""origin"": ""profile_correlation"", ""country"": ""US"", ""address"": ""Nashville,TN,USA""}",,Bitcoin Magazine,,,{},,,,,,472887,top_5,true,1772882786,,794124
,,https://reachr-assets.s3.us-west-2.amazonaws.com/influencer-server/influencer/14743613.png?ts=1765742683,,"[{""id"": 687, ""name"": ""Technology"", ""similarity"": 0.5463663339614868}]",537097,GB,1700347815,tech | ai | code | life software engineer building @thepolymathapp  hello@andrewcodesmith.com new yt video + my newsletter ↓,andrewcodesmith@gmail.com,Andrew,male,true,14743613,true,8227020,en,Tattersall,[],"{""origin"": ""creator_input"", ""country"": ""GB""}",,Andrew Codesmith,+447464781785,,{},,,,1983675,,,top_5,true,1772830148,true,3336096
,,https://reachr-assets.s3.us-west-2.amazonaws.com/influencer-server/influencer/16584674.png?ts=1771754997,,"[{""id"": 160, ""name"": ""Anime Culture"", ""similarity"": 0.43430250883102417}, {""id"": 116, ""name"": ""Trading"", ""similarity"": 0.40337279438972473}]",244735,US,1716074567,"170k Subs on YouTube! Home of the OG Weekly Market Updates! Follow for Investing, Collecting, & Vending Content. Psa Grading - $25 off code Beard25",pokebeardtcg@gmail.com,,male,true,16584674,true,9478389,en,,[],"{""origin"": ""profile_correlation"", ""country"": ""US""}",,PokeBeard,,,{},,,,6472622,,,top_20,true,1772019571,,1227373
"New York, NY, USA",,https://reachr-assets.s3.us-west-2.amazonaws.com/influencer-server/influencer/4715087.png?ts=1767026408,1800100,"[{""id"": 466, ""name"": ""Artificial Intelligence"", ""similarity"": 0.48280054330825806}]",197416,US,1556890127,"Creative AI/ML, Cloud & Tech education Developer 🥑 @ Anyscale (Ray)| ex-AWS | 10+ yrs in tech  🎶 singing-as-a-service |👶 mom x3 |📍NYC",lindavivah@gmail.com,Linda,female,true,4715087,false,2794033,en,,[],"{""origin"": ""profile_correlation"", ""country"": ""US"", ""address"": ""New York, NY, USA""}",,Linda Vivah (Haviv),,,{},,,,1778197,,2569858,top_20,true,1772923692,,1804213
,,https://reachr-assets.s3.us-west-2.amazonaws.com/influencer-server/influencer/7887235.png?ts=1766791784,,"[{""id"": 466, ""name"": ""Artificial Intelligence"", ""similarity"": 0.5252730846405029}]",445349,UA,1600598491,"Ex-@google engineer replacing herself with AI 🦄 I build, teach AI & make memes 2 degrees, 69 countries, 0 chill techunicorn@rakugomedia.com",techunicorn@rakugomedia.com,Delia,female,true,7887235,false,4330019,en,,[],"{""origin"": ""profile_correlation"", ""country"": ""UA""}",,The Tech Unicorn,,,{},,,,791437,,,top_5,true,1772871568,true,3293700
"Miami, FL, USA",,https://reachr-assets.s3.us-west-2.amazonaws.com/influencer-server/influencer/4095761.png?ts=1771958785,1500312,"[{""id"": 707, ""name"": ""Finance"", ""similarity"": 0.5793049931526184}, {""id"": 155, ""name"": ""Entrepreneurship"", ""similarity"": 0.5001115798950195}]",211398,US,1545677468,"Preparing for the future of wealth.  Celebrate today, time is precious. Co Host @memesandmkts",keithdmedia@gmail.com,Keith,male,true,4095761,false,2224417,en,,[],"{""origin"": ""profile_correlation"", ""country"": ""US"", ""address"": ""Miami, FL, USA""}",,Keith,,,{},,,,,,3354908,top_20,true,1772930492,,3867260
,,https://reachr-assets.s3.us-west-2.amazonaws.com/influencer-server/influencer/16456535.png?ts=1772873787,1864966,"[{""id"": 401, ""name"": ""Crowdfunding"", ""similarity"": 0.5436960458755493}, {""id"": 707, ""name"": ""Finance"", ""similarity"": 0.5008848309516907}]",390120,US,1715895592,🕵️‍ Exposing truth & following the money 🌊 XRP 🤝🏼 @goldback @stormrakeofficial @tangemwallet,partnerships@cashugroup.com,Nathan,male,true,16456535,false,9436470,en,,[],"{""origin"": ""profile_correlation"", ""country"": ""US""}",,Your Mate Nate,,,{},,,,2367014,,3357810,top_20,true,1772873787,,1115797
,,https://reachr-assets.s3.us-west-2.amazonaws.com/influencer-server/influencer/13686037.png?ts=1767815518,1887993,"[{""id"": 401, ""name"": ""Crowdfunding"", ""similarity"": 0.5317769050598145}, {""id"": 546, ""name"": ""Mobile Apps"", ""similarity"": 0.4896673858165741}]",52953,SG,1685920202,💰 Make better business & money decisions 🇸🇬 Building @HoneyMoneySG & @SoloBizSG 👇 Start your finance journey here,sghoneymoney@gmail.com,Chris,male,true,13686037,false,7375902,en,,[],"{""origin"": ""profile_correlation"", ""country"": ""SG""}",,Chris @HoneyMoneySG,,,{},,,,1896010,,,top_20,true,1772728074,,3340702
,,https://reachr-assets.s3.us-west-2.amazonaws.com/influencer-server/influencer/13325843.png?ts=1769448834,,"[{""id"": 466, ""name"": ""Artificial Intelligence"", ""similarity"": 0.633608877658844}, {""id"": 786, ""name"": ""Architectural Software"", ""similarity"": 0.5010369420051575}, {""id"": 3, ""name"": ""Entrepreneurship"", ""similarity"": 0.4605492353439331}]",372187,US,1681740990,Most followed Indian Woman in AI 🇮🇳 SF 🇺🇸 1M+ across platforms ⭐️ 📩 partnerships@illuminate-ai.org Global Speaker(150+ sessions) Ex @microsoft @google,partnerships@illuminate-ai.org,Aishwarya,female,true,13325843,false,9385667,en,,[],"{""origin"": ""profile_correlation"", ""country"": ""US""}",,Aishwarya Srinivasan,,,{},,,,,,,top_20,true,1772100291,true,835263
,,https://reachr-assets.s3.us-west-2.amazonaws.com/influencer-server/influencer/20704303.png?ts=1768881975,,"[{""id"": 551, ""name"": ""Finance"", ""similarity"": 0.5229912996292114}, {""id"": 449, ""name"": ""Trading"", ""similarity"": 0.5011223554611206}]",466716,IN,1724884427,"🎯 NRI Finance Expert  🧶@dheeconsultancy, Dubai 🌎 NRI Investing I Taxation I Compliance 🎓ACS I CIMA(L3) I SCA, AMFI Regd ✍️ info@keerthisfinfo.com",info@keerthisfinfo.com,Keerthi,female,true,20704303,false,12089184,en,,[],"{""origin"": ""profile_correlation"", ""country"": ""IN""}",,Keerthi's FinFo NRI Community,,,{},,,,7085381,,,top_5,true,1772895905,,2315596
"San Francisco, CA, USA",,https://reachr-assets.s3.us-west-2.amazonaws.com/influencer-server/influencer/3502515.png?ts=1770635320,1889110,"[{""id"": 451, ""name"": ""Animation"", ""similarity"": 0.4691844582557678}]",239266,US,1540119048,"Personal: @lydiahalliee  Software Engineer, Technical Writer, Instructor, Pilot",theavocoder@gmail.com,Lydia,female,true,3502515,false,1648356,en,,[],"{""origin"": ""profile_correlation"", ""country"": ""US"", ""address"": ""San Francisco, CA, USA""}",,Lydia Hallie,,,{},,,,,,2977132,top_20,true,1771434815,,1438881
"3811 N Meridian Ave, Wichita, KS 67204, USA",,https://reachr-assets.s3.us-west-2.amazonaws.com/influencer-server/influencer/11441786.png?ts=1768835953,1900481,"[{""id"": 707, ""name"": ""Finance"", ""similarity"": 0.4936316907405853}, {""id"": 330, ""name"": ""Business"", ""similarity"": 0.49035096168518066}, {""id"": 433, ""name"": ""Parenting"", ""similarity"": 0.4663495421409607}]",1410375,US,1652126550,"💰 Helping 🇺🇸/🇨🇦 parents build wealth 📘 CPA & National Best Selling Author 👨‍🏫 2,700+ @budgetdogacademy families 👇🏼 Join Budgetdog Academy today",brennan@budgetdog.com,Brennan,male,true,11441786,false,6078562,en,,[],"{""origin"": ""profile_correlation"", ""country"": ""US"", ""address"": ""3811 N Meridian Ave, Wichita, KS 67204, USA""}",,I help people pay off debt! 🤑🤑,,,{},,,,683362,,3000417,top_5,true,1772735245,,1637024
,,https://reachr-assets.s3.us-west-2.amazonaws.com/influencer-server/influencer/26894991.png?ts=1771057931,,"[{""id"": 466, ""name"": ""Artificial Intelligence"", ""similarity"": 0.539969265460968}, {""id"": 446, ""name"": ""Agile Software"", ""similarity"": 0.47469714283943176}, {""id"": 687, ""name"": ""Technology"", ""similarity"": 0.4495640695095062}]",109078,GB,1762763622,I build SaaS for founders in 21 days at IgnytLabs and teach others how to do the same inside AI MVP Builders.,prajwaltomar@ignytlabs.com,Prajwal,male,true,26894991,true,14352794,en,,[],"{""origin"": ""profile_correlation"", ""country"": ""GB""}",,Prajwal Tomar,,,{},,,,,,3354549,top_20,true,1772440439,,3865572
,,https://reachr-assets.s3.us-west-2.amazonaws.com/influencer-server/influencer/17336404.png?ts=1766474036,,"[{""id"": 4, ""name"": ""Real Estate"", ""similarity"": 0.5650770664215088}, {""id"": 707, ""name"": ""Finance"", ""similarity"": 0.4987640976905823}]",110159,PH,1718449573,Let’s build a healthy real estate ecosystem 🌱 🏠 Real Estate | 💡 Financial Freedom | 🌍 Global Investing 🎙 Podcast - Inspiring smarter money moves,john@dreamaway.homes,John,male,true,17336404,false,9794691,en,,[],"{""origin"": ""profile_correlation"", ""country"": ""PH""}",,John Dang,,,{},,,,6174619,,,top_20,true,1771560812,,2955017
,,https://reachr-assets.s3.us-west-2.amazonaws.com/influencer-server/influencer/23322023.png?ts=1769616153,,"[{""id"": 466, ""name"": ""Artificial Intelligence"", ""similarity"": 0.5747855305671692}, {""id"": 687, ""name"": ""Technology"", ""similarity"": 0.49575603008270264}]",329253,IN,1736948686,"🌷Turning Tech, AI & Career knowledge into real opportunities 🇮🇳 National Award Holding Creator ✨200k+ on LI+YT |📍BLR 💌biz: reachoutvanshikap@gmail.com",reachoutvanshikap@gmail.com,Vanshika,female,true,23322023,false,6194896,en,,[],"{""origin"": ""profile_correlation"", ""country"": ""IN""}",,Vanshika Pandey,,,{},,,,,,3197963,top_20,true,1772834275,,881777
"Frankfurt, Germany",,https://reachr-assets.s3.us-west-2.amazonaws.com/influencer-server/influencer/3052564.png?ts=1769861970,1394947,"[{""id"": 551, ""name"": ""Finance"", ""similarity"": 0.5043674111366272}, {""id"": 3, ""name"": ""Entrepreneurship"", ""similarity"": 0.4299256205558777}]",251096,US,1537205268,Building YT channels for clients and our own portfolio. Turning into a fusion of The Rock and Stephen Schwarzman.  🦍🇩🇪🇵🇱,cooperation@deusmediagroup.com,Kevin,male,true,3052564,false,1204016,en,,[],"{""origin"": ""profile_correlation"", ""country"": ""US"", ""address"": ""Frankfurt, Germany""}",,Kevin Jon,,,{},,,,,,3359982,top_20,true,1771982889,,679561
,,https://reachr-assets.s3.us-west-2.amazonaws.com/influencer-server/influencer/7490576.png?ts=1766043531,,"[{""id"": 365, ""name"": ""Programmation"", ""similarity"": 0.5550433397293091}, {""id"": 687, ""name"": ""Technology"", ""similarity"": 0.4083217978477478}, {""id"": 466, ""name"": ""Artificial Intelligence"", ""similarity"": 0.3961092531681061}]",79627,DK,1598603840,"👩‍💻A nerd that dreams of living on a farm. 🌍 Working remotely | Java, C#, TS",alinabo.collab@gmail.com,,female,true,7490576,false,4228219,en,,[],"{""origin"": ""profile_correlation"", ""country"": ""DK""}",,Alina | Software developer,,,{},,,,4664081,866290,3332707,top_20,true,1770924401,,1953792
United States,,https://reachr-assets.s3.us-west-2.amazonaws.com/influencer-server/influencer/12088121.png?ts=1771930663,,"[{""id"": 466, ""name"": ""Artificial Intelligence"", ""similarity"": 0.5308482646942139}, {""id"": 687, ""name"": ""Technology"", ""similarity"": 0.4668290317058563}, {""id"": 786, ""name"": ""Architectural Software"", ""similarity"": 0.4503346085548401}]",806410,IN,1662749172,Helping in your coding & AI journey  ex-ISRO | NIT Jalandhar Gen AI | Engineering | AI | LLMs 4x TEDx | 700K+ YT and LI,arshgoyal98@gmail.com,Arsh,male,true,12088121,false,6400393,en,,[],"{""origin"": ""profile_correlation"", ""country"": ""IN"", ""address"": ""United States""}",,Arsh Goyal,,,{},,,,,,2827743,top_5,true,1772709570,true,806988
"San Francisco, CA, USA",,https://reachr-assets.s3.us-west-2.amazonaws.com/influencer-server/influencer/7889940.png?ts=1768397934,1787482,"[{""id"": 3, ""name"": ""Entrepreneurship"", ""similarity"": 0.5729311108589172}, {""id"": 742, ""name"": ""Books"", ""similarity"": 0.5060048699378967}]",728892,US,1600771911,Best-selling Author | Keynote speaker | Forbes Tech Council | 2 M+ followers | @pascal_bornet,pascalbornet@yahoo.fr,Pascal,male,true,7889940,false,4331015,en,,[],"{""origin"": ""profile_correlation"", ""country"": ""US"", ""address"": ""San Francisco, CA, USA""}",,Pascal Bornet,,,{},,,,,,2887887,top_5,true,1771696251,true,2400391
,,https://reachr-assets.s3.us-west-2.amazonaws.com/influencer-server/influencer/16021120.png?ts=1770362788,,"[{""id"": 751, ""name"": ""Fitness"", ""similarity"": 0.5341920256614685}, {""id"": 687, ""name"": ""Technology"", ""similarity"": 0.5239007472991943}]",129717,,1711597221,📸 Content Creator +100k on YouTube  tech • lifestyle • other stuff partnerships@lukemadeit.io,partnerships@lukemadeit.io,Luke,male,true,16021120,false,9511255,en,,[],,,Luke Made It,,,{},,,,,,,top_20,true,1772880871,,1071533
,,https://reachr-assets.s3.us-west-2.amazonaws.com/influencer-server/influencer/27460651.png?ts=1770123214,,"[{""id"": 308, ""name"": ""Camera Equipment"", ""similarity"": 0.5275294184684753}]",119704,FR,1770123209,💻 SDE | Tech Mentor | Podcaster  YouTube: 90K+ | LinkedIn: 15K+   1000+ students mentored 👥  DSA | Placement guidance✍️,ashishcode40@gmail.com,Ashish,male,true,27460651,false,14753987,en,,[],"{""origin"": ""profile_correlation"", ""country"": ""FR""}",,Ashish Kumar,,,{},,,,,,,top_20,true,1772542411,,1550161
"Old No.90 / New No 104, Ganesh Towers, Dr Radha Krishnan Salai, Jagadambal Colony, Sripuram, Durgapuram, Mylapore, Chennai, Tamil Nadu 600004, India",,https://reachr-assets.s3.us-west-2.amazonaws.com/influencer-server/influencer/14797957.png?ts=1765329321,,"[{""id"": 199, ""name"": ""Art Performance"", ""similarity"": 0.5307559370994568}]",603544,US,1700741012,WoomyAisaka@gmail.com @woomyaisaka 🏳️‍⚧️ pfp by @noxxtheartist  Underscores fan page  ✨👇Support me👇✨,WoomyAisaka@gmail.com,,,true,14797957,false,11995081,en,,[],"{""origin"": ""profile_correlation"", ""country"": ""US"", ""address"": ""Old No.90 / New No 104, Ganesh Towers, Dr Radha Krishnan Salai, Jagadambal Colony, Sripuram, Durgapuram, Mylapore, Chennai, Tamil Nadu 600004, India""}",,Woomy Aisaka,,,{},,,,1991437,827888,3026901,top_5,true,1772921499,,2984235
