id,address,agent_email,avatar_url,blog_id,categories,community_size,country,created_at,description,email,first_name,gender,has_email,in_community,instagram_id,lang,last_name,list_entry_ids,location,merge_fields,name,phone_number,pinterest_id,processed_features,rating,shipping_address,status,tags,tiktok_id,twitch_id,twitter_id,type,unlocked,updated_at,verified,youtube_id
11386816,Pakistan,,https://reachr-assets.s3.us-west-2.amazonaws.com/influencer-server/influencer/11386816.png?ts=1766773064,1869034,"[{""id"": 116, ""name"": ""Trading"", ""similarity"": 0.6152145862579346}, {""id"": 50, ""name"": ""Cryptocurrency"", ""similarity"": 0.5368507504463196}]",865482,PK,1651054049,8+ Years in Trading | Mentored 3300+ Traders | 🏆 Winner of The Blockchain 100 Awards 2025 & Binance Trading Competition 2025 Winner | Check Links 👇,collab@p4provider.com,Hafiz,male,true,true,6057174,en,,[],"{""origin"": ""profile_correlation"", ""country"": ""PK"", ""address"": ""Pakistan""}",,P4 Provider,,,{},,,"{""id"": 752124, ""name"": ""Lead"", ""icon"": ""user:pink"", ""automatic"": true}",,1798141,,2803588,top_5,true,1773076526,,3091409
3384501,United States,,https://reachr-assets.s3.us-west-2.amazonaws.com/influencer-server/influencer/3384501.png?ts=1772039456,1577116,"[{""id"": 50, ""name"": ""Cryptocurrency"", ""similarity"": 0.6236575841903687}, {""id"": 746, ""name"": ""Scambaiting"", ""similarity"": 0.41261711716651917}]",679744,US,1539189585,Steve Courtney ~ Founder & CEO of Crypto Crew University🤓 ❇️Home Of The #1 Crypto Classes ❇️ Class Questions? Email Us Info@CryptoCrewUniversity.com 🤓,Info@CryptoCrewUniversity.com,Steve,male,true,true,1532544,en,,[],"{""origin"": ""profile_correlation"", ""country"": ""US"", ""address"": ""United States""}",,Steve Courtney ~ Crypto Crew University 🤓 📈,,,{},,,"{""id"": 752124, ""name"": ""Lead"", ""icon"": ""user:pink"", ""automatic"": true}",,1746798,,2525270,top_5,true,1772825900,,494582
3528403,"North Dakota, USA",,https://reachr-assets.s3.us-west-2.amazonaws.com/influencer-server/influencer/3528403.png?ts=1765994025,,"[{""id"": 90, ""name"": ""Finance"", ""similarity"": 0.6095503568649292}]",217879,US,1540338443,"Helping You Grow Wealth Through Finance, Investing & Trading | 200K+ On Youtube",techconversationsllc@gmail.com,Guillermo,male,true,true,9463361,en,,[],"{""origin"": ""profile_correlation"", ""country"": ""US"", ""address"": ""North Dakota, USA""}",,Guillermo Rosiles|Bodybuilder,,,{},,,"{""id"": 752124, ""name"": ""Lead"", ""icon"": ""user:pink"", ""automatic"": true}",,2388422,,2722845,top_20,true,1771654688,,3196229
5286965,"New York, NY, USA",,https://reachr-assets.s3.us-west-2.amazonaws.com/influencer-server/influencer/5286965.png?ts=1767919510,1722272,"[{""id"": 707, ""name"": ""Finance"", ""similarity"": 0.570266842842102}, {""id"": 155, ""name"": ""Entrepreneurship"", ""similarity"": 0.5425226092338562}, {""id"": 449, ""name"": ""Trading"", ""similarity"": 0.5397710800170898}]",884583,US,,I help you accelerate your financial freedom with Triple Compounding™ (& laughs 😃) 5X bestseller📚 Former engineer🤓 8-figure investor 👇Learn more,info@investdiva.com,Kiana,female,true,true,3193590,en,,[],"{""origin"": ""profile_correlation"", ""country"": ""US"", ""address"": ""New York, NY, USA""}",,Kiana Danial,,,{},,,"{""id"": 752124, ""name"": ""Lead"", ""icon"": ""user:pink"", ""automatic"": true}",,445135,,2721338,top_5,true,1772296621,,698317
16844071,"Dallas, TX, USA",,https://reachr-assets.s3.us-west-2.amazonaws.com/influencer-server/influencer/16844071.png?ts=1765756212,,"[{""id"": 50, ""name"": ""Cryptocurrency"", ""similarity"": 0.5558081865310669}, {""id"": 116, ""name"": ""Trading"", ""similarity"": 0.5019214153289795}, {""id"": 401, ""name"": ""Crowdfunding"", ""similarity"": 0.45306041836738586}]",161686,US,1716274499,LIVE Investor📈 Investor💲8.30am & 3pm ET LIVE on YouTube Also @martynlucas1  ➡️ #martynlucasinvestor #martynlucas 😀👍🏼🇬🇧🇺🇸     Click ⬇️ for MORE,martyn@MartynLucas.com,Martyn,male,true,true,9560112,en,,[],"{""origin"": ""profile_correlation"", ""country"": ""US"", ""address"": ""Dallas, TX, USA""}",,Martyn Lucas Investor,,,{},,,"{""id"": 752124, ""name"": ""Lead"", ""icon"": ""user:pink"", ""automatic"": true}",,2418922,,2984046,top_20,true,1773163989,,3229266
22917331,Dubai - United Arab Emirates,,https://reachr-assets.s3.us-west-2.amazonaws.com/influencer-server/influencer/22917331.png?ts=1765679342,,"[{""id"": 50, ""name"": ""Cryptocurrency"", ""similarity"": 0.5684428215026855}, {""id"": 401, ""name"": ""Crowdfunding"", ""similarity"": 0.44796106219291687}]",345838,AE,1732382875,"📍Dubai No Paid Course/Group , Everything is FREE! 👍 Join telegram for more Updates/Inquiry 👇🏻",teamjeetcrypto@gmail.com,Jeet,male,true,true,11905696,en,,[],"{""origin"": ""profile_correlation"", ""country"": ""AE"", ""address"": ""Dubai - United Arab Emirates""}",,Jeet Alkeshbhai Shah,,,{},,,"{""id"": 752124, ""name"": ""Lead"", ""icon"": ""user:pink"", ""automatic"": true}",,6132588,,3214754,top_20,true,1773157325,,3534663
14218077,Singapore,,https://reachr-assets.s3.us-west-2.amazonaws.com/influencer-server/influencer/14218077.png?ts=1766731112,,"[{""id"": 449, ""name"": ""Trading"", ""similarity"": 0.577036440372467}, {""id"": 551, ""name"": ""Finance"", ""similarity"": 0.44193577766418457}]",210281,SG,1693283897,"Trader & Investor- Forex, Crypto, Stocks, Commodities CEO of Asiaforexmentor.com",afmezekielchew@gmail.com,Ezekiel,male,true,true,7786101,en,,[],"{""origin"": ""profile_correlation"", ""country"": ""SG"", ""address"": ""Singapore""}",,Ezekiel Chew,,,{},,,"{""id"": 752124, ""name"": ""Lead"", ""icon"": ""user:pink"", ""automatic"": true}",,5039148,,3185270,top_20,true,1772012767,,2434242
9944484,,,https://reachr-assets.s3.us-west-2.amazonaws.com/influencer-server/influencer/9944484.png?ts=1769358841,,"[{""id"": 50, ""name"": ""Cryptocurrency"", ""similarity"": 0.6542620062828064}, {""id"": 449, ""name"": ""Trading"", ""similarity"": 0.3840533494949341}]",465809,AE,1643024347,"I enjoy memes, crypto and Ai. Dubai📍",work@greyjabesi.com,,male,true,true,5747905,en,,[],"{""origin"": ""profile_correlation"", ""country"": ""AE""}",,Crypto Hustle,,,{},,,"{""id"": 752124, ""name"": ""Lead"", ""icon"": ""user:pink"", ""automatic"": true}",,5896729,,2814463,top_5,true,1773162459,,3199470
4376172,"Tampa, FL, USA",,https://reachr-assets.s3.us-west-2.amazonaws.com/influencer-server/influencer/4376172.png?ts=1768257930,1799830,"[{""id"": 330, ""name"": ""Business"", ""similarity"": 0.49718043208122253}, {""id"": 3, ""name"": ""Entrepreneurship"", ""similarity"": 0.47722598910331726}, {""id"": 449, ""name"": ""Trading"", ""similarity"": 0.47312265634536743}]",1274385,US,1549712276,"🐐Your Unfair Advantage in Investing 🇵🇷Futurist, 20+yr Tech, Finance Keynotes• Partners: ben@paxcapital.us 📖 Author: The Strategic Millionaire👇🏽",bookings@ajpantoja.com,Armando,male,true,true,2486628,en,,[],"{""origin"": ""profile_correlation"", ""country"": ""US"", ""address"": ""Tampa, FL, USA""}",,Armando Pantoja,,,{},,,"{""id"": 752124, ""name"": ""Lead"", ""icon"": ""user:pink"", ""automatic"": true}",,688673,,2957935,top_5,true,1773072365,,2858341
11943880,Nigeria,,https://reachr-assets.s3.us-west-2.amazonaws.com/influencer-server/influencer/11943880.png?ts=1770962760,,"[{""id"": 449, ""name"": ""Trading"", ""similarity"": 0.5878899097442627}, {""id"": 707, ""name"": ""Finance"", ""similarity"": 0.49117591977119446}]",75980,NG,1660205035,Professional Forex Trader 📈  AI Trading Bot Pioneer 🤖 Founder — @spiritfxtradingacademy Automated • Data-Driven • Emotion-Free Trading,Henrowonye@gmail.com,Henry,male,true,true,6322937,en,,[],"{""origin"": ""profile_correlation"", ""country"": ""NG"", ""address"": ""Nigeria""}",,Henry Spirit Smith | FX Trader,,,{},,,"{""id"": 752124, ""name"": ""Lead"", ""icon"": ""user:pink"", ""automatic"": true}",,4836809,,3131122,top_20,true,1773157252,,802252
